Age,Study_Hours,Attendance,Breakfast_Calories,Sleep_Hours,Math_Score,Study_Hours_Normalized,Math_Score_Standardized,Breakfast_Calories_Normalized,Attendance_Standardized,Study_Hours_Standardized,Breakfast_Calories_Log,Study_Hours_Squared,Breakfast_Calories_Squared,Attendance_Squared,Sleep_Hours_Squared,Math_Score_Squared
22.038793103448278,4.467025862068965,80.64008620689656,530.8275862068965,6.560775862068965,69.23491379310344,0.4952894088669951,-0.057633767673917057,0.5105956112852664,-0.024367712196488835,0.028400809730645828,6.22356219977117,23.99127155172414,307677.1681034483,6645.933189655172,45.11030172413793,5078.428879310345
21.58587786259542,4.361259541984733,81.18320610687023,526.4312977099237,6.533396946564886,71.1145038167939,0.4801799345692475,0.05103448129904159,0.5026023594725885,0.021577516143456706,-0.02514880861644999,6.21637694313935,22.79604961832061,302536.8167938931,6727.324427480916,44.718492366412214,5367.374045801526
