Age,Study_Hours,Attendance,Breakfast_Calories,Sleep_Hours,Math_Score,Study_Hours_Normalized,Math_Score_Standardized,Breakfast_Calories_Normalized,Attendance_Standardized,Study_Hours_Standardized,Breakfast_Calories_Log,Study_Hours_Squared,Breakfast_Calories_Squared,Attendance_Squared,Sleep_Hours_Squared,Math_Score_Squared
23.375,3.65,81.625,633.875,7.0875,40.0,0.37857142857142856,-1.747846447423255,0.6979545454545454,0.05895107085950489,-0.38526039223474595,6.441551468583707,17.545,410454.375,6782.625,52.721250000000005,1600.0
22.23076923076923,4.595384615384615,80.60615384615384,536.9169230769231,6.527384615384616,50.70153846153846,0.5136263736263735,-1.1291384146742587,0.5216671328671328,-0.027238220278613192,0.09338900489606275,6.234554630837526,24.965138461538462,314848.29538461537,6640.310769230769,44.66141538461539,2602.7384615384617
21.513595166163142,4.280060422960725,81.60422960725076,528.5166163141994,6.575226586102719,70.404833836858,0.4685800604229607,0.010005005138655007,0.5063938478439989,0.05719399946952146,-0.06626002275714349,6.222725515459187,22.181963746223566,303721.9728096677,6793.5015105740185,45.3621752265861,4990.163141993958
21.617283950617285,4.378395061728395,80.54320987654322,517.425925925926,6.522222222222221,90.39197530864197,0.4826278659611993,1.1655589495297087,0.48622895622895623,-0.032562965434376104,-0.016473073829407596,6.196387550959831,23.08895061728395,293673.43827160494,6629.074074074074,44.48166666666666,8205.126543209877
